headline,topic,brand
10 AI Trends Shaping 2026,artificial-intelligence,TechVista
The Ultimate Guide to Plant-Based Meals,nutrition,GreenFork
Why Remote Work Is Here to Stay,remote-work,FlexSpace
How to Build a Second Brain,knowledge-management,NeuronLab
Zero-Waste Living: A Practical Guide,sustainability,EcoRoots
The Rise of Edge Computing,cloud-computing,DataPulse
Mastering Mindfulness in a Busy World,mental-health,CalmHarbor
Generative AI for Product Design,design-tools,FormForge
The Future of Electric Aviation,transportation,SkyVolt
Cryptography in the Post-Quantum Era,cybersecurity,QubitShield
